{
  "10A": {
    "x": [
      197.08013774451163,
      105.05786516024199,
      68.50374047706327,
      40.13945103352141,
      33.6345571790684,
      31.75306952396029,
      29.853826189179614,
      29.73132646510134,
      28.710166708953015,
      26.335145023151373,
      24.00806414976526,
      21.265645575932577,
      18.453188944923188,
      16.24479689067779,
      15.43095686098199,
      15.08590708600179,
      15.024004821153236
    ],
    "y": [
      0.0001,
      0.0004,
      0.001,
      0.004,
      0.01,
      0.02,
      0.1,
      0.2,
      1.0,
      4.0,
      10.0,
      30.0,
      100.0,
      400.0,
      1000.0,
      4000.0,
      10000.0
    ]
  },
  "16A": {
    "x": [
      269.37491028102005,
      143.00694953431167,
      94.01870948776293,
      54.97668782868247,
      46.35231492883517,
      43.759407049597215,
      42.25643524359943,
      42.08304367814083,
      40.47089950759762,
      37.58374042884445,
      34.26268776612373,
      30.524099259626052,
      26.82695795279726,
      23.71373705661656,
      22.341233254618192,
      21.841663618286812,
      21.841663618286812
    ],
    "y": [
      0.0001,
      0.0004,
      0.001,
      0.004,
      0.01,
      0.02,
      0.1,
      0.2,
      1.0,
      4.0,
      10.0,
      30.0,
      100.0,
      400.0,
      1000.0,
      4000.0,
      10000.0
    ]
  },
  "20A": {
    "x": [
      344.7466065731493,
      181.8952795257848,
      118.85022274370192,
      70.07058031653479,
      58.83596177564227,
      55.773586357689176,
      53.19770014000199,
      52.762021745147976,
      49.70826116437393,
      46.73506565555121,
      42.78090819876382,
      37.894085316342114,
      34.40385771366899,
      30.78880670862785,
      28.887787830956636,
      27.953009456082004,
      27.953009456082004
    ],
    "y": [
      0.0001,
      0.0004,
      0.001,
      0.004,
      0.01,
      0.02,
      0.1,
      0.2,
      1.0,
      4.0,
      10.0,
      30.0,
      100.0,
      400.0,
      1000.0,
      4000.0,
      10000.0
    ]
  },
  "25A": {
    "x": [
      439.3970560760793,
      233.74912831534917,
      153.04580448119,
      90.23128512038224,
      75.60864039191301,
      71.82076058301712,
      68.78599123088077,
      67.94270871038924,
      65.07180552833398,
      60.55400287748218,
      56.349862044161476,
      50.32522372826913,
      44.85240285961049,
      39.56593457935958,
      37.12298220189737,
      35.04635510786998,
      34.05201822370355
    ],
    "y": [
      0.0001,
      0.0004,
      0.001,
      0.004,
      0.01,
      0.02,
      0.1,
      0.2,
      1.0,
      4.0,
      10.0,
      30.0,
      100.0,
      400.0,
      1000.0,
      4000.0,
      10000.0
    ]
  },
  "32A": {
    "x": [
      634.860886824587,
      336.3455717906841,
      222.03864656480783,
      129.83532133766838,
      107.24008335007909,
      100.0,
      98.77404903905357,
      98.77404903905357,
      94.99014955266797,
      86.59643233600654,
      78.78228472849537,
      69.49671644876507,
      60.55400287748218,
      52.870605686035034,
      49.62657300122932,
      47.41250015633446,
      46.639082688444105
    ],
    "y": [
      0.0001,
      0.0004,
      0.001,
      0.004,
      0.01,
      0.02,
      0.1,
      0.2,
      1.0,
      4.0,
      10.0,
      30.0,
      100.0,
      400.0,
      1000.0,
      4000.0,
      10000.0
    ]
  },
  "40A": {
    "x": [
      836.2216908437032,
      441.20747036059834,
      290.66507841145096,
      169.61501133116275,
      142.71324648413514,
      134.45328842997617,
      126.93208929472733,
      126.41124664572332,
      123.07747317054424,
      113.36116115151415,
      103.98346513212681,
      92.4850271890742,
      80.08873399072387,
      67.94270871038924,
      62.966150468213726,
      59.56621435290104,
      59.078379115879464
    ],
    "y": [
      0.0001,
      0.0004,
      0.001,
      0.004,
      0.01,
      0.02,
      0.1,
      0.2,
      1.0,
      4.0,
      10.0,
      30.0,
      100.0,
      400.0,
      1000.0,
      4000.0,
      10000.0
    ]
  },
  "50A": {
    "x": [
      1083.4813210013756,
      571.6666501913618,
      377.3859385718933,
      219.31656164357383,
      184.5318894492321,
      174.20933725613924,
      164.12644828942717,
      163.117290922784,
      158.1638190054966,
      144.78190468608736,
      131.9883848132627,
      115.4781984689459,
      98.77404903905357,
      83.62216908437023,
      76.86246100397742,
      72.26509391647457,
      70.5040858137838
    ],
    "y": [
      0.0001,
      0.0004,
      0.001,
      0.004,
      0.01,
      0.02,
      0.1,
      0.2,
      1.0,
      4.0,
      10.0,
      30.0,
      100.0,
      400.0,
      1000.0,
      4000.0,
      10000.0
    ]
  },
  "63A": {
    "x": [
      1490.0961263113459,
      781.3707376518099,
      515.8221650723065,
      299.1526519380754,
      251.18864315095828,
      238.60446778841265,
      224.7945171074415,
      219.76791388098624,
      202.83498166620186,
      187.5919879429404,
      174.20933725613924,
      154.30956860981993,
      131.44679457894225,
      108.48186499005904,
      97.96510957314968,
      90.60305822453385,
      88.94205157671746
    ],
    "y": [
      0.0001,
      0.0004,
      0.001,
      0.004,
      0.01,
      0.02,
      0.1,
      0.2,
      1.0,
      4.0,
      10.0,
      30.0,
      100.0,
      400.0,
      1000.0,
      4000.0,
      10000.0
    ]
  },
  "80A": {
    "x": [
      1982.9941297706873,
      1039.8346513212684,
      685.0374047706329,
      396.4736104785731,
      329.50130794918033,
      306.6247046272738,
      301.6228822837251,
      301.6228822837251,
      276.6714114817654,
      248.1091935664607,
      228.52229210203728,
      206.6229564990812,
      181.1489054626465,
      149.31627356705735,
      133.90158391378733,
      121.56860370550132,
      120.0782322401644
    ],
    "y": [
      0.0001,
      0.0004,
      0.001,
      0.004,
      0.01,
      0.02,
      0.1,
      0.2,
      1.0,
      4.0,
      10.0,
      30.0,
      100.0,
      400.0,
      1000.0,
      4000.0,
      10000.0
    ]
  },
  "100A": {
    "x": [
      2644.3651719032728,
      1395.220527020722,
      928.6608621532824,
      538.5797247105727,
      452.22768176118086,
      428.689510646985,
      411.42029787528463,
      400.2408650907145,
      365.17412725483786,
      329.50130794918033,
      299.7683063955784,
      267.1687842978232,
      222.953495519523,
      189.5302656956965,
      174.56785908212143,
      156.22480814652894,
      150.859070860018
    ],
    "y": [
      0.0001,
      0.0004,
      0.001,
      0.004,
      0.01,
      0.02,
      0.1,
      0.2,
      1.0,
      4.0,
      10.0,
      30.0,
      100.0,
      400.0,
      1000.0,
      4000.0,
      10000.0
    ]
  },
  "125A": {
    "x": [
      3621.8342507812936,
      1899.2031790533347,
      1261.5162731367411,
      725.6284228890756,
      581.1466173687164,
      540.7987938041974,
      527.6202174514797,
      518.3735781477221,
      481.98743231958923,
      427.8090819876379,
      386.8120546330526,
      342.62687766123724,
      290.66507841145096,
      233.74912831534917,
      207.4742893580129,
      191.48857053323377,
      187.9780511879782
    ],
    "y": [
      0.0001,
      0.0004,
      0.001,
      0.004,
      0.01,
      0.02,
      0.1,
      0.2,
      1.0,
      4.0,
      10.0,
      30.0,
      100.0,
      400.0,
      1000.0,
      4000.0,
      10000.0
    ]
  },